Attrition,TotalWorkingYears,Age,JobLevel,YearsInCurrentRole,MonthlyIncome,YearsWithCurrManager,YearsAtCompany,StockOptionLevel,JobInvolvement,OverTime_No,OverTime_Yes,JobRole_Healthcare Representative,JobRole_Human Resources,JobRole_Laboratory Technician,JobRole_Manager,JobRole_Manufacturing Director,JobRole_Research Director,JobRole_Research Scientist,JobRole_Sales Executive,JobRole_Sales Representative,MaritalStatus_Divorced,MaritalStatus_Married,MaritalStatus_Single,BusinessTravel_Non-Travel,BusinessTravel_Travel_Frequently,BusinessTravel_Travel_Rarely
0,0.025,0.0476190476190476,0.0,0.0,0.0837809373354397,0.0,0.025,0.0,0.3333333333333333,0.0,1.0,0.0,0.0,0.0,0.0,0.0,0.0,1.0,0.0,0.0,0.0,0.0,1.0,0.0,0.0,1.0
0,0.15,0.1666666666666666,0.25,0.1111111111111111,0.4017904160084254,0.1176470588235294,0.05,0.0,0.3333333333333333,1.0,0.0,0.0,0.0,0.0,0.0,0.0,0.0,0.0,1.0,0.0,0.0,1.0,0.0,0.0,0.0,1.0
0,0.35,0.6666666666666665,0.5,0.3888888888888888,0.3320168509741969,0.4117647058823529,0.2,1.0,0.6666666666666667,1.0,0.0,0.0,0.0,0.0,0.0,0.0,0.0,0.0,1.0,0.0,0.0,1.0,0.0,0.0,0.0,1.0
0,0.55,0.6428571428571428,0.75,0.4444444444444444,0.8311216429699843,0.4705882352941176,0.5,0.3333333333333333,0.3333333333333333,1.0,0.0,0.0,0.0,0.0,1.0,0.0,0.0,0.0,0.0,0.0,0.0,1.0,0.0,1.0,0.0,0.0
0,0.1,0.4285714285714285,0.0,0.0,0.057925223802001,0.0,0.025,0.0,0.3333333333333333,0.0,0.0,0.0,0.0,0.0,0.0,0.0,0.0,0.0,0.0,0.0,0.0,0.0,0.0,0.0,0.0,0.0
0,0.1,0.3571428571428571,0.0,0.0555555555555555,0.0785150078988941,0.1176470588235294,0.075,0.0,0.6666666666666667,1.0,0.0,0.0,0.0,0.0,0.0,0.0,0.0,1.0,0.0,0.0,0.0,0.0,1.0,0.0,0.0,1.0
0,0.4,0.4285714285714285,0.5,0.611111111111111,0.4884149552395997,0.0,0.3,0.0,0.3333333333333333,1.0,0.0,0.0,0.0,0.0,0.0,0.0,0.0,0.0,1.0,0.0,0.0,0.0,0.0,0.0,0.0,1.0
0,0.175,0.380952380952381,0.25,0.0,0.216535018430753,0.0,0.0,0.3333333333333333,0.6666666666666667,1.0,0.0,0.0,0.0,0.0,0.0,1.0,0.0,0.0,0.0,0.0,1.0,0.0,0.0,0.0,0.0,1.0
0,0.4,0.4047619047619047,0.25,0.7222222222222222,0.1739336492890995,0.4705882352941176,0.375,0.0,0.3333333333333333,1.0,0.0,0.0,0.0,0.0,0.0,0.0,0.0,0.0,1.0,0.0,0.0,0.0,1.0,0.0,0.0,1.0
0,0.025,0.1428571428571428,0.0,0.0,0.0287519747235387,0.0,0.025,0.3333333333333333,0.0,1.0,0.0,0.0,1.0,0.0,0.0,0.0,0.0,0.0,0.0,0.0,0.0,1.0,0.0,0.0,0.0,1.0
1,0.075,0.3571428571428571,0.0,0.1111111111111111,0.0705634544497103,0.0,0.05,0.3333333333333333,0.0,0.0,0.0,0.0,0.0,0.0,0.0,0.0,0.0,0.0,0.0,0.0,1.0,0.0,0.0,0.0,0.0,0.0
0,0.3,0.380952380952381,0.25,0.0555555555555555,0.2283833596629805,0.0588235294117647,0.05,0.0,0.3333333333333333,0.0,0.0,0.0,0.0,0.0,0.0,0.0,0.0,0.0,0.0,0.0,0.0,0.0,1.0,0.0,0.0,1.0
0,0.075,0.3333333333333333,0.0,0.1111111111111111,0.0663507109004739,0.1176470588235294,0.05,0.3333333333333333,0.3333333333333333,1.0,0.0,0.0,0.0,0.0,0.0,0.0,0.0,0.0,0.0,1.0,0.0,1.0,0.0,0.0,0.0,1.0
0,0.1,0.3333333333333333,0.0,0.0555555555555555,0.0684570826750921,0.0,0.1,0.3333333333333333,0.0,0.0,1.0,0.0,0.0,0.0,0.0,0.0,0.0,0.0,0.0,0.0,0.0,1.0,0.0,0.0,0.0,0.0
0,0.075,0.3571428571428571,0.0,0.1111111111111111,0.0701948393891521,0.1176470588235294,0.05,0.0,0.3333333333333333,1.0,0.0,0.0,0.0,0.0,0.0,0.0,0.0,0.0,0.0,1.0,0.0,0.0,1.0,1.0,0.0,0.0
0,0.275,0.5238095238095237,0.25,0.3888888888888888,0.156187467087941,0.4117647058823529,0.2,0.6666666666666666,0.6666666666666667,1.0,0.0,0.0,0.0,1.0,0.0,0.0,0.0,0.0,0.0,0.0,1.0,0.0,0.0,1.0,0.0,0.0
1,0.1,0.2857142857142856,0.0,0.1111111111111111,0.069826224328594,0.0,0.05,0.6666666666666666,0.3333333333333333,0.0,0.0,0.0,0.0,0.0,0.0,0.0,0.0,0.0,0.0,0.0,0.0,0.0,0.0,0.0,0.0,1.0
0,0.025,0.1666666666666666,0.0,0.0,0.0057398630858346,0.0,0.025,0.0,0.0,0.0,1.0,0.0,0.0,0.0,0.0,0.0,0.0,0.0,0.0,1.0,0.0,0.0,1.0,0.0,1.0,0.0
1,0.25,0.3333333333333333,0.0,0.1111111111111111,0.1532385466034755,0.4117647058823529,0.25,0.0,0.0,0.0,1.0,0.0,0.0,0.0,0.0,0.0,0.0,1.0,0.0,0.0,0.0,0.0,1.0,0.0,1.0,0.0
0,0.15,0.2142857142857142,0.0,0.1666666666666666,0.0620326487625065,0.1764705882352941,0.125,0.6666666666666666,0.3333333333333333,1.0,0.0,0.0,0.0,0.0,0.0,0.0,0.0,1.0,0.0,0.0,1.0,0.0,0.0,0.0,0.0,1.0
0,0.3,0.2857142857142856,0.25,0.0,0.3090047393364928,0.0,0.0,0.0,0.3333333333333333,0.0,1.0,0.0,0.0,0.0,0.0,1.0,0.0,0.0,0.0,0.0,0.0,0.0,1.0,0.0,0.0,1.0
0,0.25,0.4285714285714285,0.5,0.3888888888888888,0.5636650868878357,0.2941176470588235,0.2,0.3333333333333333,1.0,1.0,0.0,0.0,0.0,0.0,0.0,0.0,1.0,0.0,0.0,0.0,0.0,1.0,0.0,1.0,0.0,0.0
0,0.45,0.9047619047619048,0.0,0.2222222222222222,0.1017904160084255,0.1764705882352941,0.125,0.3333333333333333,0.6666666666666667,1.0,0.0,0.0,0.0,0.0,0.0,0.0,0.0,1.0,0.0,0.0,0.0,1.0,0.0,0.0,1.0,0.0
0,0.175,0.6666666666666665,0.25,0.0,0.2237493417588204,0.0,0.025,0.0,0.6666666666666667,1.0,0.0,0.0,0.0,0.0,0.0,1.0,0.0,0.0,0.0,0.0,0.0,1.0,0.0,1.0,0.0,0.0
0,0.125,0.6428571428571428,0.25,0.0555555555555555,0.1725645076355977,0.0,0.025,0.6666666666666666,0.6666666666666667,1.0,0.0,0.0,0.0,0.0,0.0,0.0,0.0,0.0,1.0,0.0,0.0,1.0,0.0,0.0,1.0,0.0
1,0.15,0.380952380952381,0.0,0.0,0.1037388098999473,0.0,0.0,1.0,0.3333333333333333,1.0,0.0,0.0,0.0,0.0,0.0,0.0,0.0,1.0,0.0,0.0,0.0,1.0,0.0,1.0,0.0,0.0
1,0.25,0.6428571428571428,0.25,0.3888888888888888,0.218272775144813,0.4117647058823529,0.2,0.6666666666666666,0.6666666666666667,1.0,0.0,0.0,0.0,0.0,0.0,0.0,0.0,0.0,1.0,0.0,0.0,1.0,0.0,1.0,0.0,0.0
1,0.225,0.4047619047619047,0.5,0.0,0.4122169562927856,0.4117647058823529,0.225,0.0,0.6666666666666667,0.0,1.0,0.0,1.0,0.0,0.0,0.0,0.0,0.0,0.0,0.0,0.0,0.0,1.0,0.0,0.0,1.0
0,0.225,0.3333333333333333,0.25,0.2777777777777778,0.162085308056872,0.1176470588235294,0.15,0.3333333333333333,0.6666666666666667,1.0,0.0,0.0,0.0,0.0,0.0,0.0,0.0,1.0,0.0,0.0,0.0,1.0,0.0,1.0,0.0,0.0
0,0.1,0.380952380952381,0.25,0.1111111111111111,0.1858346498156924,0.1176470588235294,0.075,0.0,0.6666666666666667,0.0,1.0,0.0,0.0,0.0,0.0,0.0,0.0,0.0,1.0,0.0,0.0,0.0,1.0,0.0,0.0,1.0
0,0.0,0.0,0.0,0.0,0.0317008952080042,0.0,0.0,0.0,0.6666666666666667,1.0,0.0,0.0,0.0,1.0,0.0,0.0,0.0,0.0,0.0,0.0,0.0,0.0,1.0,1.0,0.0,0.0
1,0.025,0.238095238095238,0.0,0.0,0.0553449183780937,0.0,0.025,0.0,0.3333333333333333,0.0,0.0,0.0,0.0,0.0,0.0,0.0,0.0,0.0,0.0,0.0,0.0,0.0,0.0,0.0,0.0,1.0
0,0.1,0.238095238095238,0.0,0.1111111111111111,0.0630858346498156,0.1176470588235294,0.1,0.3333333333333333,0.6666666666666667,1.0,0.0,0.0,0.0,1.0,0.0,0.0,0.0,0.0,0.0,0.0,1.0,0.0,0.0,0.0,0.0,1.0
0,0.375,0.4047619047619047,0.25,0.611111111111111,0.1652975250131648,0.5294117647058824,0.35,0.3333333333333333,0.6666666666666667,1.0,0.0,1.0,0.0,0.0,0.0,0.0,0.0,0.0,0.0,0.0,0.0,1.0,0.0,1.0,0.0,0.0
1,0.275,0.2619047619047619,0.0,0.3888888888888888,0.0712480252764612,0.4117647058823529,0.225,0.0,0.3333333333333333,1.0,0.0,0.0,0.0,0.0,0.0,0.0,0.0,1.0,0.0,0.0,0.0,0.0,1.0,0.0,0.0,1.0
0,0.1,0.3571428571428571,0.25,0.1111111111111111,0.1734070563454449,0.1176470588235294,0.075,0.3333333333333333,0.6666666666666667,1.0,0.0,0.0,0.0,0.0,0.0,0.0,0.0,0.0,1.0,0.0,0.0,1.0,0.0,0.0,1.0,0.0
0,0.2,0.2857142857142856,0.25,0.2777777777777778,0.245550289626119,0.2352941176470588,0.2,0.0,0.6666666666666667,0.0,0.0,0.0,0.0,0.0,0.0,0.0,0.0,0.0,1.0,0.0,0.0,0.0,0.0,0.0,1.0,0.0
0,0.15,0.6428571428571428,0.0,0.1666666666666666,0.061506055818852,0.2352941176470588,0.15,0.0,0.6666666666666667,1.0,0.0,0.0,1.0,0.0,0.0,0.0,0.0,0.0,0.0,0.0,0.0,0.0,1.0,0.0,0.0,1.0
0,0.25,0.6190476190476188,0.25,0.1111111111111111,0.2620326487625066,0.1176470588235294,0.05,0.0,0.3333333333333333,1.0,0.0,0.0,1.0,0.0,0.0,0.0,0.0,0.0,0.0,0.0,0.0,0.0,1.0,0.0,0.0,1.0
0,0.125,0.5238095238095237,0.25,0.1111111111111111,0.2036334913112164,0.1176470588235294,0.075,0.3333333333333333,0.3333333333333333,1.0,0.0,1.0,0.0,0.0,0.0,0.0,0.0,0.0,0.0,0.0,0.0,1.0,0.0,1.0,0.0,0.0
0,0.125,0.2142857142857142,0.0,0.1111111111111111,0.1320695102685624,0.1176470588235294,0.075,0.0,1.0,1.0,0.0,0.0,0.0,0.0,0.0,0.0,0.0,1.0,0.0,0.0,0.0,1.0,0.0,0.0,0.0,1.0
0,0.25,0.2857142857142856,0.0,0.3888888888888888,0.2084781463928383,0.4117647058823529,0.225,0.0,0.3333333333333333,1.0,0.0,0.0,0.0,0.0,0.0,0.0,0.0,1.0,0.0,0.0,0.0,0.0,1.0,0.0,1.0,0.0
0,0.2,0.2619047619047619,0.0,0.2777777777777778,0.1201685097419694,0.0588235294117647,0.175,0.6666666666666666,0.6666666666666667,1.0,0.0,0.0,0.0,0.0,0.0,0.0,0.0,1.0,0.0,0.0,1.0,0.0,0.0,0.0,1.0,0.0
1,0.15,0.2142857142857142,0.25,0.2777777777777778,0.1915745129015271,0.2352941176470588,0.15,0.6666666666666666,1.0,0.0,1.0,0.0,0.0,0.0,0.0,0.0,0.0,0.0,1.0,0.0,1.0,0.0,0.0,0.0,1.0,0.0
1,0.025,0.3095238095238095,0.0,0.0,0.0197472353870458,0.0,0.025,0.0,0.3333333333333333,1.0,0.0,0.0,0.0,0.0,0.0,0.0,0.0,0.0,0.0,0.0,0.0,0.0,1.0,0.0,0.0,0.0
0,0.425,0.4047619047619047,0.25,0.3888888888888888,0.3093206951026856,0.4117647058823529,0.175,0.3333333333333333,0.6666666666666667,1.0,0.0,0.0,0.0,0.0,0.0,1.0,0.0,0.0,0.0,0.0,0.0,1.0,0.0,0.0,0.0,1.0
1,0.175,0.1904761904761905,0.0,0.2777777777777778,0.1442338072669826,0.3529411764705882,0.175,0.0,0.3333333333333333,0.0,1.0,0.0,0.0,0.0,0.0,0.0,0.0,0.0,0.0,0.0,0.0,0.0,0.0,0.0,0.0,0.0
0,0.15,0.4285714285714285,0.25,0.1666666666666666,0.3737756714060031,0.1764705882352941,0.125,0.0,0.6666666666666667,0.0,0.0,0.0,0.0,0.0,0.0,0.0,0.0,0.0,1.0,0.0,0.0,0.0,0.0,0.0,0.0,1.0
0,0.15,0.4285714285714285,0.0,0.1111111111111111,0.2018430753027909,0.1764705882352941,0.1,0.6666666666666666,0.6666666666666667,0.0,0.0,0.0,0.0,0.0,0.0,0.0,0.0,0.0,0.0,0.0,0.0,1.0,0.0,0.0,0.0,1.0
1,0.225,0.4761904761904761,0.0,0.1111111111111111,0.0609794628751974,0.1176470588235294,0.1,0.0,0.3333333333333333,0.0,0.0,0.0,0.0,0.0,0.0,0.0,0.0,0.0,0.0,0.0,0.0,0.0,0.0,0.0,0.0,0.0
1,0.175,0.2619047619047619,0.25,0.2222222222222222,0.2480252764612954,0.1176470588235294,0.15,0.0,0.6666666666666667,0.0,0.0,0.0,0.0,0.0,0.0,0.0,0.0,0.0,1.0,0.0,0.0,0.0,0.0,0.0,1.0,0.0
0,0.25,0.2857142857142856,0.25,0.3888888888888888,0.2261716692996314,0.4117647058823529,0.2,0.3333333333333333,0.6666666666666667,1.0,0.0,0.0,0.0,0.0,0.0,0.0,0.0,0.0,1.0,0.0,1.0,0.0,0.0,0.0,0.0,1.0
0,0.025,0.4047619047619047,0.0,0.0,0.0734597156398104,0.0,0.025,0.3333333333333333,0.6666666666666667,1.0,0.0,0.0,0.0,0.0,0.0,0.0,0.0,0.0,0.0,1.0,0.0,1.0,0.0,0.0,0.0,1.0
1,0.9,0.857142857142857,0.75,0.5,0.8830963665086888,0.5294117647058824,0.25,0.0,0.6666666666666667,1.0,0.0,0.0,0.0,0.0,0.0,0.0,1.0,0.0,0.0,0.0,0.0,1.0,0.0,0.0,0.0,1.0
0,0.25,0.238095238095238,0.25,0.3888888888888888,0.1395997893628225,0.4117647058823529,0.2,0.0,0.6666666666666667,1.0,0.0,0.0,0.0,0.0,0.0,0.0,0.0,1.0,0.0,0.0,0.0,0.0,1.0,0.0,0.0,1.0
0,0.15,0.2142857142857142,0.25,0.1111111111111111,0.1731964191679831,0.0,0.05,0.3333333333333333,0.3333333333333333,1.0,0.0,0.0,0.0,0.0,0.0,1.0,0.0,0.0,0.0,0.0,0.0,1.0,0.0,0.0,1.0,0.0
1,0.25,0.2857142857142856,0.25,0.2777777777777778,0.4602948920484465,0.2352941176470588,0.175,0.0,0.3333333333333333,1.0,0.0,0.0,0.0,0.0,0.0,0.0,0.0,0.0,0.0,0.0,0.0,1.0,0.0,0.0,0.0,0.0
0,0.225,0.6428571428571428,0.25,0.3888888888888888,0.1998946814112691,0.4117647058823529,0.2,0.3333333333333333,0.6666666666666667,1.0,0.0,0.0,0.0,0.0,0.0,0.0,0.0,0.0,1.0,0.0,0.0,1.0,0.0,0.0,0.0,1.0
0,0.15,0.2619047619047619,0.25,0.0,0.2956292785676672,0.0,0.15,0.6666666666666666,0.6666666666666667,0.0,1.0,1.0,0.0,0.0,0.0,0.0,0.0,0.0,0.0,0.0,1.0,0.0,0.0,0.0,0.0,1.0
0,0.25,0.3095238095238095,0.25,0.3888888888888888,0.2438125329120589,0.4117647058823529,0.25,0.0,0.6666666666666667,0.0,1.0,0.0,0.0,0.0,0.0,0.0,0.0,0.0,1.0,0.0,0.0,0.0,0.0,0.0,0.0,0.0
1,0.25,0.4761904761904761,0.25,0.3888888888888888,0.2282253817798842,0.5294117647058824,0.25,0.3333333333333333,0.6666666666666667,1.0,0.0,0.0,0.0,0.0,0.0,0.0,0.0,0.0,1.0,0.0,0.0,1.0,0.0,0.0,0.0,1.0
1,0.2,0.4999999999999999,0.25,0.3888888888888888,0.4422854133754608,0.4117647058823529,0.2,0.0,0.6666666666666667,0.0,0.0,0.0,0.0,0.0,0.0,0.0,0.0,0.0,1.0,0.0,0.0,0.0,1.0,0.0,0.0,0.0
0,0.25,0.5714285714285714,0.0,0.3333333333333333,0.0834123222748815,0.4705882352941176,0.225,0.3333333333333333,0.3333333333333333,0.0,1.0,0.0,0.0,1.0,0.0,0.0,0.0,0.0,0.0,0.0,1.0,0.0,0.0,0.0,0.0,1.0
0,0.025,0.1428571428571428,0.0,0.0,0.0887309110057925,0.0,0.025,1.0,0.3333333333333333,1.0,0.0,0.0,0.0,1.0,0.0,0.0,0.0,0.0,0.0,0.0,1.0,0.0,0.0,1.0,0.0,0.0
1,0.475,0.8333333333333333,0.25,0.1111111111111111,0.0758820431806213,0.1176470588235294,0.05,0.0,0.6666666666666667,1.0,0.0,0.0,0.0,1.0,0.0,0.0,0.0,0.0,0.0,0.0,0.0,0.0,1.0,0.0,0.0,1.0
0,0.2,0.4047619047619047,0.0,0.1111111111111111,0.0737230121116377,0.1176470588235294,0.125,0.0,0.3333333333333333,0.0,1.0,0.0,0.0,0.0,0.0,0.0,0.0,1.0,0.0,0.0,0.0,0.0,0.0,0.0,0.0,1.0
0,0.25,0.3571428571428571,0.5,0.0,0.3977356503422854,0.0,0.0,0.0,0.6666666666666667,0.0,1.0,0.0,0.0,0.0,0.0,0.0,0.0,0.0,1.0,0.0,0.0,0.0,1.0,0.0,0.0,1.0
0,0.175,0.4999999999999999,0.25,0.1111111111111111,0.1523433385992627,0.1176470588235294,0.05,1.0,0.6666666666666667,1.0,0.0,0.0,0.0,0.0,0.0,0.0,0.0,1.0,0.0,0.0,1.0,0.0,0.0,0.0,0.0,1.0
0,0.025,0.0714285714285714,0.0,0.0,0.0879410215903107,0.0,0.025,0.0,0.6666666666666667,1.0,0.0,0.0,0.0,0.0,0.0,0.0,0.0,0.0,0.0,1.0,0.0,0.0,1.0,0.0,0.0,1.0
0,0.25,0.380952380952381,0.25,0.3888888888888888,0.2515534491837809,0.4117647058823529,0.25,0.0,0.6666666666666667,0.0,1.0,0.0,0.0,0.0,0.0,0.0,0.0,0.0,1.0,0.0,0.0,0.0,0.0,0.0,0.0,0.0
1,0.225,0.6428571428571428,0.25,0.1111111111111111,0.2856766719325961,0.1176470588235294,0.075,0.3333333333333333,1.0,1.0,0.0,0.0,0.0,0.0,0.0,1.0,0.0,0.0,0.0,0.0,0.0,1.0,0.0,0.0,1.0,0.0
0,0.375,0.4285714285714285,0.25,0.0,0.3057398630858346,0.0,0.025,0.0,0.6666666666666667,1.0,0.0,0.0,0.0,0.0,0.0,0.0,0.0,0.0,1.0,0.0,0.0,0.0,1.0,0.0,0.0,1.0
0,0.2,0.4523809523809524,0.25,0.0,0.2993680884676145,0.0,0.025,1.0,0.3333333333333333,0.0,1.0,0.0,0.0,0.0,0.0,0.0,0.0,0.0,1.0,0.0,1.0,0.0,0.0,0.0,0.0,1.0
0,0.8,0.7619047619047619,1.0,0.2777777777777778,0.9052659294365456,0.4117647058823529,0.8,0.3333333333333333,0.6666666666666667,1.0,0.0,0.0,0.0,0.0,1.0,0.0,0.0,0.0,0.0,0.0,0.0,1.0,0.0,0.0,1.0,0.0
0,0.625,0.6428571428571428,1.0,0.0,0.958030542390732,0.4117647058823529,0.6000000000000001,0.3333333333333333,1.0,1.0,0.0,0.0,0.0,0.0,1.0,0.0,0.0,0.0,0.0,0.0,0.0,1.0,0.0,0.0,0.0,1.0
1,0.55,0.7619047619047619,0.5,0.1111111111111111,0.5148499210110584,0.0,0.175,0.3333333333333333,0.3333333333333333,0.0,0.0,0.0,0.0,0.0,0.0,0.0,0.0,0.0,0.0,0.0,0.0,0.0,0.0,0.0,0.0,1.0
1,0.125,0.238095238095238,0.0,0.1111111111111111,0.0897314375987362,0.1176470588235294,0.125,0.3333333333333333,0.6666666666666667,1.0,0.0,0.0,0.0,0.0,0.0,0.0,0.0,1.0,0.0,0.0,0.0,1.0,0.0,0.0,0.0,1.0
0,0.2,0.5476190476190477,0.25,0.2222222222222222,0.264507635597683,0.1176470588235294,0.125,0.0,0.3333333333333333,0.0,1.0,0.0,0.0,0.0,0.0,1.0,0.0,0.0,0.0,0.0,0.0,0.0,1.0,0.0,0.0,1.0
0,0.45,0.7857142857142856,0.5,0.1111111111111111,0.5076882569773565,0.1764705882352941,0.1,0.0,0.0,1.0,0.0,0.0,0.0,0.0,0.0,1.0,0.0,0.0,0.0,0.0,0.0,0.0,1.0,0.0,1.0,0.0
1,0.025,0.2857142857142856,0.0,0.0,0.0037914691943127,0.0,0.025,0.0,0.6666666666666667,1.0,0.0,0.0,0.0,0.0,0.0,0.0,0.0,0.0,0.0,1.0,0.0,0.0,1.0,0.0,0.0,1.0
0,0.5750000000000001,0.7142857142857142,0.5,0.0,0.2302264349657714,0.0,0.025,0.0,0.3333333333333333,0.0,1.0,0.0,0.0,1.0,0.0,0.0,0.0,0.0,0.0,0.0,0.0,0.0,1.0,0.0,0.0,1.0
1,0.1,0.4523809523809524,0.0,0.1111111111111111,0.0693522906793049,0.1176470588235294,0.1,1.0,0.6666666666666667,0.0,1.0,0.0,0.0,0.0,0.0,0.0,0.0,1.0,0.0,0.0,0.0,1.0,0.0,0.0,1.0,0.0
0,0.15,0.2857142857142856,0.0,0.0,0.1291732490784623,0.0,0.025,0.0,0.3333333333333333,1.0,0.0,0.0,0.0,0.0,0.0,0.0,0.0,0.0,0.0,0.0,0.0,0.0,1.0,0.0,0.0,1.0
0,0.775,0.8809523809523809,0.75,0.3888888888888888,0.8292259083728278,0.1176470588235294,0.225,0.0,0.3333333333333333,1.0,0.0,0.0,0.0,0.0,1.0,0.0,0.0,0.0,0.0,0.0,0.0,0.0,1.0,1.0,0.0,0.0
1,0.5750000000000001,0.7380952380952379,1.0,0.0,0.9321748288572932,0.0,0.025,0.3333333333333333,0.3333333333333333,1.0,0.0,0.0,0.0,0.0,1.0,0.0,0.0,0.0,0.0,0.0,0.0,1.0,0.0,0.0,0.0,1.0
0,0.25,0.6190476190476188,0.25,0.1111111111111111,0.2592943654555029,0.1764705882352941,0.125,0.0,0.6666666666666667,1.0,0.0,1.0,0.0,0.0,0.0,0.0,0.0,0.0,0.0,0.0,0.0,0.0,1.0,0.0,0.0,1.0
0,0.0,0.0238095238095237,0.0,0.0,0.0266456029489204,0.0,0.0,0.0,0.3333333333333333,0.0,0.0,0.0,0.0,0.0,0.0,0.0,0.0,0.0,0.0,0.0,0.0,0.0,1.0,0.0,0.0,0.0
0,0.65,0.6428571428571428,0.75,0.1666666666666666,0.876303317535545,0.0588235294117647,0.225,0.3333333333333333,0.6666666666666667,1.0,0.0,0.0,0.0,0.0,1.0,0.0,0.0,0.0,0.0,0.0,0.0,1.0,0.0,0.0,0.0,1.0
0,0.25,0.2619047619047619,0.0,0.3888888888888888,0.0901000526592943,0.4705882352941176,0.25,0.3333333333333333,0.0,1.0,0.0,0.0,0.0,0.0,0.0,0.0,0.0,1.0,0.0,0.0,1.0,0.0,0.0,0.0,1.0,0.0
0,0.175,0.3571428571428571,0.0,0.0555555555555555,0.1023696682464455,0.1176470588235294,0.075,0.0,0.6666666666666667,0.0,0.0,0.0,0.0,0.0,0.0,0.0,0.0,0.0,0.0,0.0,0.0,0.0,1.0,0.0,0.0,1.0
1,0.025,0.3095238095238095,0.0,0.0,0.0132701421800947,0.0,0.025,0.0,0.3333333333333333,1.0,0.0,0.0,0.0,0.0,0.0,0.0,0.0,1.0,0.0,0.0,0.0,0.0,1.0,0.0,0.0,1.0
0,0.25,0.2619047619047619,0.0,0.4444444444444444,0.1117430226434965,0.4705882352941176,0.25,0.3333333333333333,0.6666666666666667,1.0,0.0,0.0,0.0,1.0,0.0,0.0,0.0,0.0,0.0,0.0,0.0,1.0,0.0,0.0,0.0,1.0
0,0.25,0.3333333333333333,0.25,0.3888888888888888,0.2310163243812533,0.4705882352941176,0.25,0.0,0.6666666666666667,1.0,0.0,0.0,0.0,0.0,0.0,0.0,0.0,0.0,1.0,0.0,0.0,0.0,1.0,0.0,0.0,1.0
0,0.125,0.1428571428571428,0.25,0.1111111111111111,0.1580832016850974,0.1764705882352941,0.1,0.3333333333333333,1.0,1.0,0.0,0.0,0.0,0.0,0.0,1.0,0.0,0.0,0.0,0.0,1.0,0.0,0.0,1.0,0.0,0.0
0,0.15,0.4761904761904761,0.0,0.0,0.1078462348604528,0.0588235294117647,0.025,0.3333333333333333,0.6666666666666667,0.0,1.0,0.0,0.0,0.0,0.0,0.0,0.0,1.0,0.0,0.0,0.0,1.0,0.0,0.0,0.0,1.0
0,0.225,0.2857142857142856,0.0,0.1111111111111111,0.1537651395471301,0.3529411764705882,0.225,0.0,0.0,0.0,1.0,0.0,0.0,0.0,0.0,0.0,0.0,0.0,0.0,0.0,0.0,0.0,1.0,0.0,0.0,0.0
0,0.225,0.3571428571428571,0.25,0.1666666666666666,0.20347551342812,0.0588235294117647,0.2,0.3333333333333333,0.6666666666666667,1.0,0.0,0.0,0.0,0.0,0.0,0.0,0.0,0.0,0.0,0.0,0.0,1.0,0.0,0.0,0.0,1.0
0,0.5,0.6428571428571428,0.25,0.5,0.0705107951553449,0.8823529411764706,0.425,0.3333333333333333,0.6666666666666667,1.0,0.0,0.0,0.0,1.0,0.0,0.0,0.0,0.0,0.0,0.0,1.0,0.0,0.0,0.0,0.0,1.0
0,0.225,0.380952380952381,0.0,0.1111111111111111,0.068562401263823,0.1176470588235294,0.075,0.0,0.6666666666666667,1.0,0.0,0.0,0.0,0.0,0.0,0.0,0.0,1.0,0.0,0.0,0.0,0.0,1.0,0.0,0.0,1.0
0,0.225,0.4999999999999999,0.25,0.2777777777777778,0.2650342285413375,0.2941176470588235,0.2,0.0,0.6666666666666667,0.0,1.0,0.0,0.0,0.0,0.0,0.0,0.0,0.0,1.0,0.0,0.0,0.0,1.0,0.0,0.0,0.0
0,0.0,0.0476190476190476,0.0,0.0,0.0291732490784623,0.0,0.0,0.0,0.3333333333333333,0.0,0.0,0.0,0.0,0.0,0.0,0.0,0.0,0.0,0.0,0.0,0.0,0.0,0.0,0.0,0.0,0.0
0,0.05,0.2619047619047619,0.0,0.1111111111111111,0.0922064244339126,0.1176470588235294,0.05,0.0,0.0,1.0,0.0,0.0,0.0,0.0,0.0,0.0,0.0,0.0,0.0,1.0,0.0,0.0,1.0,0.0,0.0,1.0
0,0.025,0.0952380952380951,0.0,0.0,0.0903106898367561,0.0,0.025,0.0,0.6666666666666667,1.0,0.0,0.0,0.0,0.0,0.0,0.0,0.0,0.0,0.0,1.0,0.0,0.0,1.0,0.0,0.0,1.0
0,0.3,0.4285714285714285,0.25,0.1111111111111111,0.2368615060558188,0.1764705882352941,0.1,0.6666666666666666,0.3333333333333333,1.0,0.0,0.0,0.0,0.0,0.0,0.0,0.0,0.0,1.0,0.0,0.0,1.0,0.0,0.0,0.0,1.0
0,0.25,0.5714285714285714,0.5,0.5,0.3368615060558188,0.4705882352941176,0.25,0.3333333333333333,0.6666666666666667,0.0,1.0,0.0,0.0,0.0,0.0,1.0,0.0,0.0,0.0,0.0,0.0,1.0,0.0,0.0,0.0,1.0
0,0.225,0.4999999999999999,0.5,0.1666666666666666,0.6558715113217483,0.1176470588235294,0.1,0.0,0.6666666666666667,1.0,0.0,0.0,0.0,0.0,0.0,0.0,1.0,0.0,0.0,0.0,0.0,0.0,1.0,0.0,0.0,1.0
1,0.15,0.2142857142857142,0.0,0.0,0.0573986308583465,0.2352941176470588,0.125,0.0,0.6666666666666667,1.0,0.0,0.0,0.0,1.0,0.0,0.0,0.0,0.0,0.0,0.0,0.0,1.0,0.0,0.0,0.0,1.0
0,0.125,0.380952380952381,0.0,0.2222222222222222,0.0537124802527646,0.0,0.125,1.0,0.3333333333333333,1.0,0.0,0.0,0.0,0.0,0.0,0.0,0.0,1.0,0.0,0.0,1.0,0.0,0.0,1.0,0.0,0.0
0,0.025,0.1904761904761905,0.0,0.0,0.0074776197998946,0.0,0.025,0.0,0.3333333333333333,0.0,0.0,0.0,0.0,0.0,0.0,0.0,0.0,1.0,0.0,0.0,0.0,0.0,1.0,0.0,0.0,1.0
1,0.15,0.380952380952381,0.0,0.0,0.1012638230647709,0.1176470588235294,0.125,1.0,1.0,0.0,1.0,0.0,0.0,0.0,0.0,0.0,0.0,1.0,0.0,0.0,0.0,1.0,0.0,0.0,0.0,1.0
0,0.55,0.5238095238095237,0.75,0.3333333333333333,0.64391785150079,0.7647058823529411,0.5,0.0,0.6666666666666667,1.0,0.0,0.0,0.0,0.0,0.0,1.0,0.0,0.0,0.0,0.0,0.0,0.0,1.0,0.0,0.0,1.0
0,0.35,0.3333333333333333,0.5,0.4444444444444444,0.4945234333859926,0.4705882352941176,0.35,0.0,0.0,1.0,0.0,0.0,0.0,0.0,0.0,0.0,0.0,0.0,1.0,0.0,0.0,1.0,0.0,0.0,0.0,1.0
0,0.125,0.3333333333333333,0.0,0.1111111111111111,0.2003159557661927,0.1176470588235294,0.075,0.6666666666666666,0.6666666666666667,0.0,0.0,0.0,0.0,0.0,0.0,0.0,0.0,0.0,0.0,0.0,0.0,1.0,0.0,0.0,0.0,1.0
0,0.025,0.2857142857142856,0.0,0.0,0.0139547130068457,0.0,0.025,0.6666666666666666,0.6666666666666667,1.0,0.0,0.0,0.0,0.0,0.0,0.0,0.0,1.0,0.0,0.0,1.0,0.0,0.0,1.0,0.0,0.0
0,0.075,0.4047619047619047,0.0,0.0,0.0758820431806213,0.1176470588235294,0.075,0.0,0.3333333333333333,1.0,0.0,0.0,0.0,1.0,0.0,0.0,0.0,0.0,0.0,0.0,0.0,0.0,1.0,0.0,0.0,1.0
0,0.075,0.3095238095238095,0.0,0.1111111111111111,0.0867825171142706,0.1176470588235294,0.05,0.0,0.3333333333333333,0.0,1.0,0.0,0.0,0.0,0.0,0.0,0.0,1.0,0.0,0.0,0.0,0.0,1.0,0.0,0.0,1.0
0,0.2,0.6428571428571428,0.25,0.2777777777777778,0.3873091100579252,0.2941176470588235,0.15,0.0,0.6666666666666667,0.0,1.0,0.0,0.0,0.0,0.0,0.0,0.0,0.0,1.0,0.0,0.0,0.0,1.0,0.0,0.0,1.0
0,0.25,0.2619047619047619,0.0,0.3888888888888888,0.0890468667719852,0.4117647058823529,0.25,0.3333333333333333,1.0,1.0,0.0,0.0,0.0,0.0,0.0,0.0,0.0,1.0,0.0,0.0,0.0,1.0,0.0,0.0,0.0,1.0
0,0.0,0.0,0.0,0.0,0.0215903106898367,0.0,0.0,0.0,0.3333333333333333,1.0,0.0,0.0,0.0,0.0,0.0,0.0,0.0,0.0,0.0,0.0,0.0,0.0,1.0,0.0,0.0,0.0
1,0.25,0.4523809523809524,0.25,0.4444444444444444,0.1725118483412322,0.4117647058823529,0.25,0.0,0.6666666666666667,1.0,0.0,0.0,0.0,0.0,0.0,0.0,0.0,1.0,0.0,0.0,0.0,1.0,0.0,0.0,0.0,1.0
0,0.025,0.1904761904761905,0.0,0.0,0.0680358083201685,0.0,0.025,0.0,0.0,0.0,0.0,0.0,0.0,1.0,0.0,0.0,0.0,0.0,0.0,0.0,0.0,0.0,0.0,0.0,0.0,1.0
0,0.675,0.7142857142857142,0.75,0.2222222222222222,0.8360189573459715,0.0588235294117647,0.125,0.0,1.0,1.0,0.0,0.0,0.0,0.0,1.0,0.0,0.0,0.0,0.0,0.0,0.0,0.0,1.0,1.0,0.0,0.0
0,0.025,0.7857142857142856,0.0,0.0,0.0902580305423907,0.0,0.025,0.0,0.6666666666666667,1.0,0.0,0.0,0.0,0.0,0.0,0.0,0.0,1.0,0.0,0.0,0.0,1.0,0.0,0.0,0.0,1.0
1,0.7000000000000001,0.8095238095238095,0.5,0.2222222222222222,0.3665086887835703,0.2352941176470588,0.125,0.0,0.3333333333333333,0.0,1.0,0.0,0.0,0.0,0.0,1.0,0.0,0.0,0.0,0.0,0.0,1.0,0.0,0.0,0.0,1.0
0,0.125,0.1666666666666666,0.25,0.1111111111111111,0.2047919957872564,0.1176470588235294,0.1,0.6666666666666666,0.6666666666666667,1.0,0.0,0.0,0.0,0.0,0.0,1.0,0.0,0.0,0.0,0.0,0.0,1.0,0.0,0.0,0.0,1.0
0,0.625,0.7142857142857142,1.0,0.0,0.9086887835703,0.0,0.025,0.0,0.3333333333333333,1.0,0.0,0.0,0.0,0.0,0.0,0.0,1.0,0.0,0.0,0.0,0.0,0.0,1.0,0.0,0.0,1.0
0,0.1,0.2142857142857142,0.0,0.1111111111111111,0.0805687203791469,0.1176470588235294,0.1,0.3333333333333333,0.3333333333333333,1.0,0.0,0.0,0.0,0.0,0.0,0.0,0.0,1.0,0.0,0.0,0.0,1.0,0.0,0.0,0.0,1.0
0,0.025,0.3095238095238095,0.0,0.0,0.0184307530279094,0.0,0.025,0.0,0.0,1.0,0.0,0.0,0.0,0.0,0.0,0.0,0.0,0.0,0.0,1.0,0.0,0.0,1.0,0.0,1.0,0.0
0,0.5,0.5476190476190477,0.0,0.7222222222222222,0.1954713006845708,1.0,0.45,0.0,0.6666666666666667,0.0,1.0,0.0,0.0,1.0,0.0,0.0,0.0,0.0,0.0,0.0,0.0,0.0,1.0,0.0,0.0,1.0
0,0.375,0.4047619047619047,0.5,0.5555555555555556,0.4915218536071617,0.0,0.325,0.0,0.3333333333333333,1.0,0.0,0.0,0.0,0.0,0.0,0.0,0.0,0.0,1.0,0.0,0.0,1.0,0.0,0.0,0.0,1.0
0,0.275,0.3571428571428571,0.25,0.4444444444444444,0.1077409162717219,0.4117647058823529,0.225,0.6666666666666666,0.6666666666666667,1.0,0.0,0.0,0.0,0.0,0.0,0.0,0.0,1.0,0.0,0.0,1.0,0.0,0.0,1.0,0.0,0.0
0,0.075,0.6666666666666665,0.0,0.1111111111111111,0.0879410215903107,0.1176470588235294,0.075,0.0,0.3333333333333333,0.0,1.0,0.0,0.0,0.0,0.0,0.0,0.0,0.0,0.0,0.0,0.0,0.0,0.0,0.0,0.0,1.0
0,0.15,0.238095238095238,0.25,0.1666666666666666,0.2036861506055819,0.0,0.125,0.3333333333333333,0.0,1.0,0.0,0.0,0.0,0.0,0.0,1.0,0.0,0.0,0.0,0.0,1.0,0.0,0.0,0.0,0.0,1.0
0,0.45,0.8095238095238095,0.25,0.5,0.2405476566614007,0.5294117647058824,0.25,0.6666666666666666,0.6666666666666667,0.0,1.0,0.0,0.0,0.0,0.0,0.0,0.0,1.0,0.0,0.0,1.0,0.0,0.0,0.0,0.0,1.0
0,0.15,0.1904761904761905,0.0,0.2222222222222222,0.1355976829910479,0.2352941176470588,0.125,0.0,0.3333333333333333,0.0,1.0,0.0,0.0,0.0,0.0,0.0,0.0,0.0,0.0,0.0,0.0,1.0,0.0,0.0,0.0,1.0
0,0.95,0.9047619047619048,0.5,0.5555555555555556,0.4898367561874671,0.2941176470588235,0.925,0.0,0.3333333333333333,1.0,0.0,0.0,0.0,0.0,0.0,0.0,0.0,0.0,0.0,0.0,0.0,1.0,0.0,0.0,0.0,1.0
0,0.5750000000000001,0.7857142857142856,0.5,0.6666666666666666,0.3409689310163243,0.4705882352941176,0.325,0.0,0.3333333333333333,1.0,0.0,1.0,0.0,0.0,0.0,0.0,0.0,0.0,0.0,0.0,0.0,0.0,1.0,0.0,1.0,0.0
0,0.7000000000000001,0.6666666666666665,0.5,0.3888888888888888,0.4785150078988941,0.1764705882352941,0.175,0.3333333333333333,0.6666666666666667,1.0,0.0,0.0,0.0,0.0,0.0,0.0,0.0,0.0,1.0,0.0,1.0,0.0,0.0,0.0,0.0,1.0
0,0.4,0.5714285714285714,0.0,0.1666666666666666,0.1686150605581885,0.1176470588235294,0.1,0.0,0.3333333333333333,0.0,0.0,0.0,0.0,1.0,0.0,0.0,0.0,0.0,0.0,0.0,0.0,0.0,1.0,0.0,0.0,0.0
0,0.2,0.6428571428571428,0.25,0.1666666666666666,0.2022643496577146,0.0588235294117647,0.125,0.0,0.6666666666666667,1.0,0.0,0.0,0.0,0.0,0.0,0.0,0.0,0.0,1.0,0.0,0.0,0.0,1.0,0.0,0.0,1.0
0,0.375,0.4047619047619047,0.5,0.3888888888888888,0.4878883622959452,0.2352941176470588,0.175,0.3333333333333333,0.3333333333333333,1.0,0.0,0.0,0.0,0.0,0.0,1.0,0.0,0.0,0.0,0.0,1.0,0.0,0.0,0.0,0.0,1.0
0,0.25,0.4761904761904761,0.5,0.0,0.3608214849921011,0.0,0.025,0.0,0.6666666666666667,0.0,1.0,0.0,0.0,0.0,0.0,1.0,0.0,0.0,0.0,0.0,0.0,0.0,1.0,0.0,0.0,1.0
0,0.375,0.4523809523809524,0.25,0.611111111111111,0.1811479726171669,0.4117647058823529,0.325,0.6666666666666666,0.6666666666666667,0.0,1.0,0.0,0.0,0.0,0.0,0.0,0.0,1.0,0.0,0.0,0.0,1.0,0.0,1.0,0.0,0.0
1,0.525,0.4999999999999999,0.75,0.4444444444444444,0.6493944181147973,0.5882352941176471,0.5,0.0,0.6666666666666667,1.0,0.0,0.0,0.0,0.0,0.0,0.0,0.0,0.0,1.0,0.0,0.0,0.0,1.0,0.0,0.0,1.0
0,0.45,0.5952380952380951,0.5,0.3888888888888888,0.516640337019484,0.0588235294117647,0.2,0.3333333333333333,0.6666666666666667,1.0,0.0,0.0,0.0,0.0,0.0,1.0,0.0,0.0,0.0,0.0,0.0,1.0,0.0,0.0,1.0,0.0
0,0.5,0.5238095238095237,0.0,0.1666666666666666,0.0522380200105318,0.1176470588235294,0.125,1.0,0.6666666666666667,1.0,0.0,0.0,0.0,0.0,0.0,0.0,0.0,1.0,0.0,0.0,0.0,1.0,0.0,0.0,0.0,1.0
0,0.15,0.3571428571428571,0.25,0.0,0.3209583991574513,0.1176470588235294,0.125,0.0,0.6666666666666667,1.0,0.0,0.0,0.0,0.0,0.0,0.0,0.0,0.0,1.0,0.0,1.0,0.0,0.0,0.0,0.0,1.0
0,0.35,0.6190476190476188,0.5,0.2222222222222222,0.5998420221169036,0.2941176470588235,0.15,0.0,0.6666666666666667,0.0,1.0,0.0,0.0,0.0,0.0,0.0,0.0,0.0,0.0,0.0,0.0,0.0,0.0,1.0,0.0,0.0
0,0.1,0.238095238095238,0.0,0.0555555555555555,0.0814639283833596,0.0,0.025,0.0,0.3333333333333333,1.0,0.0,0.0,0.0,0.0,0.0,0.0,0.0,0.0,0.0,0.0,0.0,0.0,0.0,0.0,0.0,0.0
0,0.025,0.238095238095238,0.0,0.0,0.0972617166929963,0.0,0.025,0.3333333333333333,0.6666666666666667,1.0,0.0,0.0,0.0,0.0,0.0,0.0,0.0,0.0,0.0,1.0,0.0,1.0,0.0,0.0,0.0,1.0
0,0.325,0.3095238095238095,0.25,0.3888888888888888,0.2348077935755661,0.4117647058823529,0.3,0.6666666666666666,0.3333333333333333,1.0,0.0,0.0,0.0,0.0,0.0,0.0,0.0,0.0,1.0,0.0,0.0,1.0,0.0,0.0,0.0,1.0
0,0.15,0.8095238095238095,0.0,0.1111111111111111,0.1160084254870984,0.1176470588235294,0.05,0.0,0.3333333333333333,1.0,0.0,0.0,0.0,1.0,0.0,0.0,0.0,0.0,0.0,0.0,0.0,0.0,1.0,0.0,0.0,1.0
0,0.35,0.6190476190476188,0.25,0.3888888888888888,0.2492890995260663,0.1176470588235294,0.25,0.0,0.6666666666666667,0.0,1.0,0.0,1.0,0.0,0.0,0.0,0.0,0.0,0.0,0.0,0.0,1.0,0.0,0.0,1.0,0.0
1,0.025,0.6428571428571428,0.0,0.0,0.0666140073723012,0.0,0.025,0.0,0.3333333333333333,1.0,0.0,0.0,0.0,0.0,0.0,0.0,0.0,1.0,0.0,0.0,0.0,0.0,1.0,0.0,0.0,1.0
0,0.025,0.1428571428571428,0.0,0.0,0.0539231174302264,0.0,0.025,0.3333333333333333,0.6666666666666667,1.0,0.0,0.0,0.0,0.0,0.0,0.0,0.0,0.0,0.0,1.0,0.0,1.0,0.0,1.0,0.0,0.0
0,0.15,0.1904761904761905,0.0,0.0555555555555555,0.0599789362822538,0.2352941176470588,0.125,0.0,0.6666666666666667,0.0,1.0,0.0,1.0,0.0,0.0,0.0,0.0,0.0,0.0,0.0,0.0,1.0,0.0,0.0,0.0,1.0
0,0.025,0.0238095238095237,0.0,0.0,0.0818852027382833,0.0,0.025,0.0,0.3333333333333333,1.0,0.0,0.0,1.0,0.0,0.0,0.0,0.0,0.0,0.0,0.0,0.0,0.0,1.0,0.0,0.0,1.0
1,0.15,0.380952380952381,0.25,0.1111111111111111,0.2643496577145866,0.1176470588235294,0.05,0.0,0.0,1.0,0.0,0.0,0.0,0.0,0.0,0.0,0.0,0.0,1.0,0.0,0.0,0.0,1.0,0.0,0.0,1.0
0,0.125,0.4285714285714285,0.0,0.2222222222222222,0.0948393891521853,0.1176470588235294,0.125,0.0,1.0,1.0,0.0,0.0,0.0,1.0,0.0,0.0,0.0,0.0,0.0,0.0,0.0,1.0,0.0,1.0,0.0,0.0
1,0.025,0.2619047619047619,0.0,0.0,0.0049499736703528,0.0,0.025,0.0,0.6666666666666667,1.0,0.0,0.0,0.0,0.0,0.0,0.0,0.0,0.0,0.0,1.0,0.0,0.0,1.0,0.0,1.0,0.0
0,0.125,0.1904761904761905,0.0,0.1666666666666666,0.1506055818852027,0.1176470588235294,0.075,0.0,0.3333333333333333,0.0,1.0,0.0,0.0,1.0,0.0,0.0,0.0,0.0,0.0,0.0,0.0,0.0,0.0,0.0,0.0,0.0
0,0.525,0.5476190476190477,0.75,0.3888888888888888,0.6614533965244865,0.5882352941176471,0.5,0.3333333333333333,0.3333333333333333,1.0,0.0,0.0,0.0,0.0,0.0,1.0,0.0,0.0,0.0,0.0,0.0,1.0,0.0,0.0,0.0,1.0
0,0.1,0.119047619047619,0.0,0.1111111111111111,0.0560294892048446,0.1176470588235294,0.05,0.3333333333333333,1.0,1.0,0.0,0.0,0.0,0.0,0.0,0.0,0.0,1.0,0.0,0.0,0.0,1.0,0.0,0.0,0.0,1.0
0,0.6000000000000001,0.8809523809523809,0.75,0.3888888888888888,0.6680358083201685,0.4705882352941176,0.475,0.0,1.0,0.0,1.0,0.0,0.0,0.0,0.0,0.0,0.0,0.0,1.0,0.0,0.0,0.0,1.0,0.0,0.0,1.0
0,0.25,0.380952380952381,0.25,0.4444444444444444,0.2694049499736703,0.3529411764705882,0.25,0.0,0.6666666666666667,1.0,0.0,0.0,0.0,0.0,0.0,0.0,0.0,0.0,1.0,0.0,0.0,0.0,1.0,0.0,0.0,1.0
1,0.375,0.4285714285714285,0.25,0.2222222222222222,0.4354397051079515,0.0588235294117647,0.125,0.0,0.6666666666666667,0.0,1.0,0.0,0.0,0.0,0.0,0.0,0.0,0.0,1.0,0.0,0.0,0.0,1.0,0.0,0.0,1.0
0,0.425,0.5714285714285714,0.5,0.1111111111111111,0.6136914165350185,0.1764705882352941,0.1,0.0,0.6666666666666667,0.0,1.0,0.0,0.0,0.0,0.0,0.0,0.0,0.0,0.0,0.0,0.0,0.0,0.0,1.0,0.0,0.0
0,0.15,0.238095238095238,0.0,0.1111111111111111,0.1474986835176408,0.1176470588235294,0.05,0.0,0.3333333333333333,0.0,1.0,0.0,0.0,1.0,0.0,0.0,0.0,0.0,0.0,0.0,0.0,0.0,0.0,0.0,0.0,0.0
0,0.6000000000000001,0.6190476190476188,0.5,0.3333333333333333,0.4865192206424433,1.0,0.55,0.3333333333333333,0.3333333333333333,1.0,0.0,1.0,0.0,0.0,0.0,0.0,0.0,0.0,0.0,0.0,0.0,1.0,0.0,0.0,0.0,1.0
0,0.425,0.4285714285714285,0.25,0.3888888888888888,0.1911532385466035,0.7647058823529411,0.375,0.3333333333333333,1.0,1.0,0.0,0.0,0.0,0.0,0.0,0.0,0.0,0.0,1.0,0.0,0.0,1.0,0.0,0.0,1.0,0.0
1,0.25,0.4761904761904761,0.25,0.1666666666666666,0.0735650342285413,0.5294117647058824,0.25,0.0,0.6666666666666667,1.0,0.0,0.0,0.0,1.0,0.0,0.0,0.0,0.0,0.0,0.0,0.0,0.0,1.0,0.0,1.0,0.0
0,0.25,0.4761904761904761,0.25,0.3888888888888888,0.3483938915218536,0.4705882352941176,0.225,0.0,1.0,1.0,0.0,1.0,0.0,0.0,0.0,0.0,0.0,0.0,0.0,0.0,0.0,0.0,1.0,0.0,0.0,1.0
0,0.425,0.4523809523809524,0.0,0.6666666666666666,0.0582411795681937,0.4117647058823529,0.425,0.0,0.6666666666666667,1.0,0.0,0.0,0.0,0.0,0.0,0.0,0.0,1.0,0.0,0.0,0.0,0.0,1.0,0.0,0.0,1.0
0,0.25,0.3095238095238095,0.5,0.2222222222222222,0.5554502369668246,0.0588235294117647,0.125,0.3333333333333333,0.3333333333333333,1.0,0.0,0.0,0.0,0.0,1.0,0.0,0.0,0.0,0.0,0.0,1.0,0.0,0.0,0.0,0.0,1.0
0,0.175,0.3095238095238095,0.0,0.1111111111111111,0.1428646656134808,0.1176470588235294,0.05,0.3333333333333333,0.6666666666666667,0.0,1.0,0.0,0.0,1.0,0.0,0.0,0.0,0.0,0.0,0.0,0.0,1.0,0.0,0.0,1.0,0.0
1,0.1,0.1428571428571428,0.0,0.1111111111111111,0.1862032648762506,0.0,0.05,0.0,0.6666666666666667,1.0,0.0,0.0,0.0,0.0,0.0,0.0,0.0,0.0,0.0,0.0,0.0,0.0,1.0,0.0,0.0,1.0
0,0.025,0.119047619047619,0.0,0.0,0.0305423907319641,0.0,0.0,0.3333333333333333,0.6666666666666667,0.0,0.0,0.0,0.0,0.0,0.0,0.0,0.0,0.0,0.0,0.0,0.0,1.0,0.0,0.0,0.0,1.0
0,0.275,0.7857142857142856,0.25,0.3888888888888888,0.2333859926276988,0.0,0.25,0.0,0.6666666666666667,0.0,1.0,0.0,0.0,0.0,0.0,0.0,0.0,0.0,1.0,0.0,0.0,0.0,1.0,0.0,0.0,1.0
0,0.075,0.0714285714285714,0.0,0.1111111111111111,0.1110057925223802,0.1176470588235294,0.05,0.0,0.6666666666666667,1.0,0.0,0.0,0.0,0.0,0.0,0.0,0.0,1.0,0.0,0.0,0.0,0.0,1.0,0.0,0.0,1.0
0,0.65,0.6666666666666665,0.75,0.1111111111111111,0.8874144286466562,0.0588235294117647,0.075,0.0,0.6666666666666667,1.0,0.0,0.0,0.0,0.0,0.0,0.0,1.0,0.0,0.0,0.0,0.0,1.0,0.0,0.0,0.0,1.0
0,0.7250000000000001,0.7857142857142856,0.75,0.3333333333333333,0.8055818852027383,1.0,0.5,0.3333333333333333,0.6666666666666667,1.0,0.0,0.0,0.0,0.0,1.0,0.0,0.0,0.0,0.0,0.0,0.0,1.0,0.0,0.0,0.0,1.0
1,0.15,0.4047619047619047,0.0,0.2222222222222222,0.0893101632438125,0.1764705882352941,0.125,0.3333333333333333,0.0,1.0,0.0,0.0,0.0,1.0,0.0,0.0,0.0,0.0,0.0,0.0,0.0,1.0,0.0,0.0,0.0,1.0
0,0.25,0.2619047619047619,0.0,0.3333333333333333,0.0713533438651922,0.3529411764705882,0.2,0.0,0.3333333333333333,0.0,0.0,0.0,0.0,0.0,0.0,0.0,0.0,1.0,0.0,0.0,0.0,0.0,1.0,0.0,0.0,1.0
0,0.25,0.6428571428571428,0.25,0.3888888888888888,0.2507109004739336,0.5294117647058824,0.25,0.6666666666666666,0.3333333333333333,1.0,0.0,0.0,0.0,0.0,0.0,1.0,0.0,0.0,0.0,0.0,1.0,0.0,0.0,0.0,0.0,1.0
1,0.35,0.3333333333333333,0.5,0.5555555555555556,0.4956819378620326,0.4117647058823529,0.35,0.6666666666666666,0.6666666666666667,1.0,0.0,0.0,0.0,0.0,0.0,0.0,0.0,0.0,1.0,0.0,0.0,1.0,0.0,0.0,0.0,1.0
0,0.3,0.2857142857142856,0.25,0.5,0.2810953133228014,0.4117647058823529,0.275,0.0,0.6666666666666667,0.0,1.0,0.0,1.0,0.0,0.0,0.0,0.0,0.0,0.0,0.0,0.0,1.0,0.0,0.0,0.0,1.0
1,0.025,0.1904761904761905,0.0,0.0,0.0676671932596103,0.0,0.025,0.0,0.0,0.0,0.0,0.0,0.0,0.0,0.0,0.0,0.0,0.0,0.0,0.0,0.0,0.0,0.0,0.0,0.0,0.0
0,0.1,0.1428571428571428,0.0,0.0,0.113533438651922,0.0,0.0,0.0,0.6666666666666667,0.0,0.0,0.0,0.0,0.0,0.0,0.0,0.0,0.0,0.0,0.0,0.0,0.0,1.0,0.0,1.0,0.0
0,0.425,0.4285714285714285,0.25,0.1111111111111111,0.0822538177988415,0.1764705882352941,0.125,0.3333333333333333,1.0,1.0,0.0,0.0,0.0,1.0,0.0,0.0,0.0,0.0,0.0,0.0,0.0,1.0,0.0,0.0,1.0,0.0
0,0.6000000000000001,0.6428571428571428,0.5,0.5,0.2212216956292786,0.6470588235294118,0.6000000000000001,0.3333333333333333,0.6666666666666667,1.0,0.0,0.0,0.0,1.0,0.0,0.0,0.0,0.0,0.0,0.0,1.0,0.0,0.0,0.0,1.0,0.0
1,0.3,0.4285714285714285,0.25,0.0,0.1998420221169036,0.0,0.025,0.0,0.0,1.0,0.0,0.0,0.0,0.0,0.0,0.0,0.0,0.0,0.0,0.0,0.0,0.0,0.0,0.0,0.0,1.0
0,0.4,0.5238095238095237,0.5,0.4444444444444444,0.6713006845708268,0.4705882352941176,0.225,0.3333333333333333,0.3333333333333333,1.0,0.0,0.0,0.0,0.0,0.0,0.0,1.0,0.0,0.0,0.0,1.0,0.0,0.0,1.0,0.0,0.0
0,0.25,0.5476190476190477,0.25,0.1666666666666666,0.1629278567667193,0.4117647058823529,0.225,0.3333333333333333,0.6666666666666667,1.0,0.0,0.0,0.0,0.0,0.0,0.0,0.0,0.0,1.0,0.0,1.0,0.0,0.0,0.0,1.0,0.0
0,0.25,0.2857142857142856,0.5,0.2222222222222222,0.3293838862559242,0.4117647058823529,0.2,0.3333333333333333,0.6666666666666667,1.0,0.0,0.0,0.0,0.0,0.0,0.0,0.0,0.0,1.0,0.0,1.0,0.0,0.0,0.0,0.0,1.0
0,0.275,0.3095238095238095,0.25,0.3333333333333333,0.4627172195892575,0.2941176470588235,0.175,0.3333333333333333,0.3333333333333333,1.0,0.0,0.0,0.0,0.0,0.0,0.0,0.0,0.0,0.0,0.0,0.0,0.0,0.0,0.0,0.0,0.0
0,0.5,0.4761904761904761,0.5,0.5,0.4114797261716693,0.5294117647058824,0.475,0.3333333333333333,0.3333333333333333,1.0,0.0,1.0,0.0,0.0,0.0,0.0,0.0,0.0,0.0,0.0,0.0,1.0,0.0,0.0,0.0,1.0
0,0.175,0.4999999999999999,0.25,0.2222222222222222,0.2256977356503423,0.0,0.125,0.0,0.6666666666666667,1.0,0.0,0.0,0.0,0.0,0.0,1.0,0.0,0.0,0.0,0.0,0.0,1.0,0.0,0.0,0.0,1.0
1,0.2,0.3333333333333333,0.25,0.0,0.4565560821484992,0.0,0.025,0.0,0.3333333333333333,1.0,0.0,0.0,0.0,0.0,0.0,1.0,0.0,0.0,0.0,0.0,0.0,0.0,1.0,0.0,0.0,1.0
0,0.225,0.5714285714285714,0.25,0.2222222222222222,0.2183254344391785,0.2941176470588235,0.15,0.0,0.6666666666666667,1.0,0.0,0.0,0.0,0.0,0.0,0.0,0.0,0.0,1.0,0.0,0.0,0.0,1.0,0.0,0.0,1.0
1,0.525,0.5238095238095237,1.0,0.8333333333333333,0.8968931016324382,0.7058823529411764,0.5,0.0,0.6666666666666667,1.0,0.0,0.0,0.0,0.0,1.0,0.0,0.0,0.0,0.0,0.0,0.0,1.0,0.0,0.0,0.0,1.0
0,0.25,0.4285714285714285,0.25,0.3888888888888888,0.2221695629278568,0.2941176470588235,0.225,0.3333333333333333,0.6666666666666667,1.0,0.0,0.0,0.0,0.0,0.0,1.0,0.0,0.0,0.0,0.0,0.0,1.0,0.0,0.0,0.0,1.0
0,0.525,0.5476190476190477,0.75,0.3333333333333333,0.8516061084781464,0.4117647058823529,0.175,0.3333333333333333,0.3333333333333333,1.0,0.0,0.0,0.0,0.0,1.0,0.0,0.0,0.0,0.0,0.0,1.0,0.0,0.0,0.0,1.0,0.0
0,0.175,0.1666666666666666,0.0,0.3888888888888888,0.1412322274881516,0.3529411764705882,0.175,0.3333333333333333,0.6666666666666667,0.0,1.0,0.0,0.0,1.0,0.0,0.0,0.0,0.0,0.0,0.0,0.0,1.0,0.0,0.0,0.0,1.0
0,0.325,0.3333333333333333,0.25,0.4444444444444444,0.2356503422854134,0.4705882352941176,0.325,0.3333333333333333,0.3333333333333333,1.0,0.0,0.0,0.0,0.0,0.0,0.0,0.0,0.0,1.0,0.0,0.0,1.0,0.0,0.0,0.0,1.0
0,0.5750000000000001,0.7142857142857142,0.75,0.1666666666666666,0.6559768299104792,0.2352941176470588,0.25,0.0,1.0,0.0,1.0,0.0,0.0,0.0,0.0,0.0,0.0,0.0,1.0,0.0,0.0,0.0,1.0,0.0,0.0,0.0
1,0.1,0.1666666666666666,0.0,0.1666666666666666,0.1537651395471301,0.1176470588235294,0.1,0.0,0.3333333333333333,0.0,1.0,0.0,0.0,1.0,0.0,0.0,0.0,0.0,0.0,0.0,0.0,0.0,1.0,0.0,0.0,1.0
1,0.35,0.6666666666666665,0.25,0.3333333333333333,0.2508162190626645,0.4705882352941176,0.225,0.0,0.6666666666666667,0.0,1.0,0.0,0.0,0.0,0.0,0.0,0.0,0.0,1.0,0.0,0.0,0.0,1.0,0.0,1.0,0.0
0,0.075,0.0952380952380951,0.0,0.0555555555555555,0.0797261716692996,0.0588235294117647,0.05,0.3333333333333333,0.6666666666666667,1.0,0.0,0.0,0.0,1.0,0.0,0.0,0.0,0.0,0.0,0.0,0.0,1.0,0.0,0.0,0.0,1.0
1,0.15,0.9047619047619048,0.25,0.0,0.230173775671406,0.0,0.0,0.3333333333333333,0.3333333333333333,1.0,0.0,0.0,0.0,0.0,0.0,0.0,0.0,0.0,1.0,0.0,0.0,1.0,0.0,0.0,0.0,1.0
0,0.15,0.2619047619047619,0.0,0.1111111111111111,0.0809373354397051,0.0588235294117647,0.05,0.0,0.3333333333333333,1.0,0.0,0.0,0.0,0.0,0.0,0.0,0.0,1.0,0.0,0.0,0.0,1.0,0.0,0.0,0.0,1.0
0,0.175,0.6428571428571428,0.0,0.1111111111111111,0.1826224328593997,0.1176470588235294,0.075,0.3333333333333333,0.6666666666666667,0.0,1.0,0.0,0.0,0.0,0.0,0.0,0.0,1.0,0.0,0.0,0.0,1.0,0.0,0.0,0.0,1.0
1,0.3,0.5476190476190477,0.0,0.1666666666666666,0.0933649289099526,0.0,0.125,0.3333333333333333,0.6666666666666667,1.0,0.0,0.0,0.0,0.0,0.0,0.0,0.0,1.0,0.0,0.0,0.0,1.0,0.0,0.0,0.0,1.0
0,0.4,0.4285714285714285,0.5,0.5,0.4576092680358083,0.7058823529411764,0.325,0.3333333333333333,0.3333333333333333,1.0,0.0,0.0,0.0,0.0,0.0,0.0,0.0,0.0,1.0,0.0,0.0,1.0,0.0,0.0,1.0,0.0
0,0.3,0.4761904761904761,0.25,0.1666666666666666,0.4042654028436019,0.4117647058823529,0.2,0.0,0.3333333333333333,1.0,0.0,0.0,0.0,0.0,0.0,0.0,0.0,0.0,1.0,0.0,0.0,0.0,1.0,0.0,0.0,1.0
0,0.2,0.4761904761904761,0.0,0.0,0.0847814639283833,0.0,0.0,0.0,0.6666666666666667,1.0,0.0,0.0,0.0,0.0,0.0,0.0,0.0,1.0,0.0,0.0,0.0,0.0,1.0,0.0,0.0,1.0
0,0.225,0.380952380952381,0.0,0.1111111111111111,0.1269615587151132,0.1176470588235294,0.1,0.0,0.3333333333333333,1.0,0.0,0.0,0.0,0.0,0.0,0.0,0.0,0.0,0.0,0.0,0.0,0.0,1.0,0.0,0.0,1.0
0,0.15,0.2857142857142856,0.0,0.1666666666666666,0.0901000526592943,0.1176470588235294,0.125,0.0,0.3333333333333333,1.0,0.0,0.0,0.0,1.0,0.0,0.0,0.0,0.0,0.0,0.0,0.0,0.0,1.0,0.0,0.0,1.0
0,0.1,0.2619047619047619,0.0,0.0555555555555555,0.0944707740916271,0.0588235294117647,0.05,0.6666666666666666,0.3333333333333333,0.0,1.0,0.0,0.0,0.0,0.0,0.0,0.0,0.0,0.0,1.0,0.0,0.0,0.0,0.0,0.0,1.0
0,0.525,0.5238095238095237,1.0,0.4444444444444444,0.9912585571353344,0.4705882352941176,0.525,0.0,0.6666666666666667,1.0,0.0,0.0,0.0,0.0,1.0,0.0,0.0,0.0,0.0,0.0,0.0,0.0,1.0,0.0,0.0,1.0
1,0.2,0.4999999999999999,0.25,0.1111111111111111,0.2283833596629805,0.2352941176470588,0.125,0.0,0.0,1.0,0.0,0.0,0.0,0.0,0.0,0.0,0.0,0.0,0.0,0.0,0.0,0.0,0.0,0.0,0.0,0.0
0,0.075,0.0714285714285714,0.0,0.1111111111111111,0.1169562927856766,0.0,0.075,0.0,0.3333333333333333,1.0,0.0,0.0,0.0,0.0,0.0,0.0,0.0,1.0,0.0,0.0,0.0,0.0,1.0,0.0,0.0,1.0
0,0.7250000000000001,0.857142857142857,0.75,0.3888888888888888,0.8593470247498683,0.4117647058823529,0.5,0.0,0.6666666666666667,1.0,0.0,0.0,0.0,0.0,0.0,0.0,1.0,0.0,0.0,0.0,0.0,0.0,1.0,0.0,0.0,1.0
0,0.5,0.7857142857142856,0.5,0.1111111111111111,0.5056872037914691,0.1764705882352941,0.2,0.0,0.0,1.0,0.0,0.0,0.0,0.0,0.0,0.0,0.0,0.0,0.0,0.0,0.0,0.0,0.0,0.0,0.0,0.0
0,0.45,0.5952380952380951,0.0,0.1111111111111111,0.196419167983149,0.1176470588235294,0.075,0.0,1.0,1.0,0.0,0.0,0.0,0.0,0.0,0.0,0.0,1.0,0.0,0.0,0.0,0.0,1.0,0.0,1.0,0.0
0,0.4,0.5952380952380951,0.5,0.1666666666666666,0.6088994207477619,0.2352941176470588,0.125,0.0,0.6666666666666667,0.0,1.0,0.0,0.0,0.0,0.0,0.0,0.0,0.0,0.0,0.0,0.0,0.0,0.0,1.0,0.0,0.0
0,0.075,0.0952380952380951,0.0,0.1111111111111111,0.0928909952606635,0.1176470588235294,0.05,0.0,0.6666666666666667,1.0,0.0,0.0,0.0,0.0,0.0,0.0,0.0,1.0,0.0,0.0,0.0,1.0,0.0,0.0,0.0,1.0
0,0.5,0.5238095238095237,0.25,0.0,0.128436018957346,0.0,0.025,0.3333333333333333,0.3333333333333333,1.0,0.0,0.0,0.0,1.0,0.0,0.0,0.0,0.0,0.0,0.0,0.0,1.0,0.0,0.0,0.0,1.0
0,0.225,0.4047619047619047,0.25,0.3333333333333333,0.2519220642443391,0.3529411764705882,0.225,0.0,0.3333333333333333,0.0,1.0,0.0,0.0,0.0,0.0,0.0,0.0,0.0,1.0,0.0,0.0,0.0,0.0,0.0,0.0,1.0
0,0.15,0.3333333333333333,0.0,0.1111111111111111,0.0962611901000526,0.0588235294117647,0.15,0.0,0.3333333333333333,1.0,0.0,0.0,0.0,1.0,0.0,0.0,0.0,0.0,0.0,0.0,0.0,0.0,1.0,0.0,0.0,1.0
1,0.15,0.2857142857142856,0.0,0.1111111111111111,0.0616640337019484,0.1176470588235294,0.1,0.3333333333333333,0.3333333333333333,1.0,0.0,0.0,1.0,0.0,0.0,0.0,0.0,0.0,0.0,0.0,1.0,0.0,0.0,0.0,1.0,0.0
0,0.15,0.4761904761904761,0.0,0.0555555555555555,0.0567140600315955,0.0588235294117647,0.05,0.0,0.3333333333333333,0.0,0.0,0.0,0.0,0.0,0.0,0.0,0.0,0.0,0.0,0.0,1.0,0.0,0.0,0.0,0.0,0.0
0,0.4,0.7857142857142856,0.5,0.5,0.6045813586097947,0.4117647058823529,0.25,0.6666666666666666,0.3333333333333333,1.0,0.0,0.0,0.0,0.0,0.0,0.0,1.0,0.0,0.0,0.0,0.0,1.0,0.0,0.0,0.0,1.0
1,0.2,0.380952380952381,0.0,0.1111111111111111,0.1027382833070036,0.1764705882352941,0.1,0.0,0.6666666666666667,1.0,0.0,0.0,0.0,0.0,0.0,0.0,0.0,1.0,0.0,0.0,0.0,0.0,1.0,0.0,0.0,1.0
0,0.15,0.5238095238095237,0.25,0.1666666666666666,0.3395471300684571,0.1176470588235294,0.1,1.0,0.0,0.0,1.0,0.0,0.0,0.0,0.0,0.0,0.0,0.0,1.0,0.0,0.0,1.0,0.0,0.0,0.0,1.0
0,0.775,0.8809523809523809,0.75,0.3888888888888888,0.7226434965771459,0.0,0.175,0.6666666666666666,1.0,1.0,0.0,0.0,0.0,0.0,0.0,0.0,1.0,0.0,0.0,0.0,1.0,0.0,0.0,0.0,0.0,1.0
0,0.275,0.2857142857142856,0.25,0.5555555555555556,0.1655081621906266,0.4705882352941176,0.275,1.0,0.3333333333333333,1.0,0.0,1.0,0.0,0.0,0.0,0.0,0.0,0.0,0.0,0.0,0.0,1.0,0.0,0.0,0.0,1.0
0,0.125,0.238095238095238,0.0,0.1111111111111111,0.0558715113217482,0.2352941176470588,0.125,0.3333333333333333,0.6666666666666667,1.0,0.0,0.0,0.0,0.0,0.0,0.0,0.0,1.0,0.0,0.0,0.0,1.0,0.0,0.0,0.0,1.0
0,0.175,0.3571428571428571,0.0,0.0555555555555555,0.0783043707214323,0.0,0.025,0.0,0.6666666666666667,1.0,0.0,0.0,0.0,1.0,0.0,0.0,0.0,0.0,0.0,0.0,0.0,0.0,1.0,0.0,0.0,1.0
0,0.15,0.380952380952381,0.0,0.1111111111111111,0.0813059505002633,0.1764705882352941,0.125,0.0,0.3333333333333333,1.0,0.0,0.0,0.0,0.0,0.0,0.0,0.0,1.0,0.0,0.0,0.0,0.0,1.0,0.0,1.0,0.0
0,0.525,0.4999999999999999,1.0,0.4444444444444444,0.9577672459189048,0.3529411764705882,0.525,0.3333333333333333,0.6666666666666667,0.0,1.0,0.0,0.0,0.0,1.0,0.0,0.0,0.0,0.0,0.0,1.0,0.0,0.0,0.0,1.0,0.0
0,0.425,0.4047619047619047,0.5,0.2777777777777778,0.4850974196945761,0.3529411764705882,0.2,0.0,0.6666666666666667,1.0,0.0,0.0,0.0,0.0,0.0,1.0,0.0,0.0,0.0,0.0,0.0,0.0,1.0,0.0,0.0,1.0
0,0.025,0.3333333333333333,0.0,0.0,0.0957345971563981,0.0,0.025,1.0,0.6666666666666667,1.0,0.0,0.0,0.0,0.0,0.0,0.0,0.0,0.0,0.0,1.0,1.0,0.0,0.0,1.0,0.0,0.0
0,0.2,0.6428571428571428,0.0,0.1666666666666666,0.0664033701948393,0.1176470588235294,0.125,0.6666666666666666,0.6666666666666667,1.0,0.0,0.0,0.0,1.0,0.0,0.0,0.0,0.0,0.0,0.0,1.0,0.0,0.0,0.0,0.0,1.0
0,0.225,0.2142857142857142,0.5,0.3888888888888888,0.4098999473407056,0.4117647058823529,0.225,0.6666666666666666,0.6666666666666667,1.0,0.0,0.0,0.0,0.0,0.0,1.0,0.0,0.0,0.0,0.0,1.0,0.0,0.0,0.0,1.0,0.0
0,0.025,0.3333333333333333,0.0,0.0,0.1025276461295418,0.0,0.025,0.0,0.6666666666666667,1.0,0.0,0.0,0.0,0.0,0.0,0.0,0.0,1.0,0.0,0.0,0.0,0.0,1.0,0.0,0.0,1.0
0,0.0,0.2857142857142856,0.0,0.0,0.0213270142180094,0.0,0.0,0.0,0.6666666666666667,0.0,0.0,0.0,0.0,0.0,0.0,0.0,0.0,0.0,0.0,0.0,0.0,0.0,1.0,0.0,0.0,0.0
1,0.25,0.4047619047619047,0.5,0.4444444444444444,0.3310163243812533,0.3529411764705882,0.25,0.6666666666666666,0.6666666666666667,1.0,0.0,0.0,0.0,0.0,0.0,0.0,0.0,0.0,1.0,0.0,0.0,1.0,0.0,0.0,0.0,1.0
1,0.5,0.6904761904761905,0.25,0.5555555555555556,0.2136914165350184,0.4117647058823529,0.475,0.0,1.0,0.0,1.0,0.0,0.0,0.0,0.0,1.0,0.0,0.0,0.0,0.0,1.0,0.0,0.0,0.0,1.0,0.0
0,0.375,0.380952380952381,0.25,0.5,0.1974723538704581,0.7058823529411764,0.325,0.0,0.0,1.0,0.0,0.0,0.0,0.0,0.0,0.0,0.0,0.0,1.0,0.0,0.0,0.0,1.0,0.0,0.0,1.0
0,0.45,0.4999999999999999,0.25,0.3888888888888888,0.1631911532385466,0.4117647058823529,0.175,0.0,0.6666666666666667,1.0,0.0,0.0,0.0,0.0,0.0,0.0,0.0,1.0,0.0,0.0,0.0,0.0,1.0,0.0,0.0,1.0
0,0.05,0.2619047619047619,0.0,0.1111111111111111,0.0922064244339126,0.1176470588235294,0.05,0.0,0.0,0.0,0.0,0.0,0.0,0.0,0.0,0.0,0.0,0.0,0.0,1.0,0.0,0.0,0.0,0.0,0.0,1.0
0,0.075,0.238095238095238,0.0,0.1111111111111111,0.0726171669299631,0.0,0.075,0.0,0.3333333333333333,0.0,0.0,0.0,0.0,0.0,0.0,0.0,0.0,0.0,0.0,0.0,0.0,0.0,0.0,0.0,0.0,1.0
0,0.15,0.2142857142857142,0.0,0.0555555555555555,0.0541864139020537,0.2352941176470588,0.125,0.0,0.6666666666666667,0.0,0.0,0.0,0.0,0.0,0.0,0.0,0.0,0.0,0.0,0.0,0.0,0.0,1.0,0.0,0.0,0.0
0,0.225,0.4761904761904761,0.25,0.3888888888888888,0.2765666140073723,0.4117647058823529,0.175,0.3333333333333333,0.6666666666666667,1.0,0.0,0.0,0.0,0.0,0.0,1.0,0.0,0.0,0.0,0.0,0.0,1.0,0.0,0.0,0.0,1.0
0,0.25,0.2619047619047619,0.5,0.5,0.4724065297525013,0.4705882352941176,0.25,0.3333333333333333,1.0,1.0,0.0,0.0,0.0,0.0,0.0,1.0,0.0,0.0,0.0,0.0,1.0,0.0,0.0,0.0,0.0,1.0
0,0.175,0.2142857142857142,0.25,0.3888888888888888,0.4724591890468668,0.4117647058823529,0.175,0.0,0.6666666666666667,1.0,0.0,0.0,0.0,0.0,0.0,0.0,0.0,0.0,1.0,0.0,0.0,0.0,1.0,0.0,1.0,0.0
0,0.225,0.2142857142857142,0.25,0.4444444444444444,0.1332806740389679,0.4705882352941176,0.225,0.3333333333333333,0.3333333333333333,1.0,0.0,0.0,0.0,0.0,0.0,0.0,0.0,0.0,0.0,1.0,0.0,1.0,0.0,0.0,0.0,1.0
0,0.775,0.7619047619047619,0.75,0.3333333333333333,0.8907319641916799,0.4117647058823529,0.775,0.3333333333333333,0.6666666666666667,1.0,0.0,0.0,0.0,0.0,1.0,0.0,0.0,0.0,0.0,0.0,1.0,0.0,0.0,1.0,0.0,0.0
0,0.2,0.4285714285714285,0.25,0.1666666666666666,0.2971563981042654,0.0,0.15,0.3333333333333333,0.3333333333333333,1.0,0.0,0.0,0.0,0.0,0.0,0.0,0.0,0.0,1.0,0.0,0.0,1.0,0.0,0.0,0.0,1.0
0,0.525,0.5476190476190477,1.0,0.8888888888888888,0.969457609268036,0.6470588235294118,0.45,0.3333333333333333,0.6666666666666667,1.0,0.0,0.0,0.0,0.0,0.0,0.0,1.0,0.0,0.0,0.0,1.0,0.0,0.0,0.0,1.0,0.0
0,0.15,0.2857142857142856,0.0,0.2222222222222222,0.0596103212216956,0.0588235294117647,0.15,0.3333333333333333,0.3333333333333333,1.0,0.0,0.0,0.0,0.0,0.0,0.0,0.0,1.0,0.0,0.0,0.0,1.0,0.0,0.0,0.0,1.0
1,0.1,0.3333333333333333,0.0,0.1111111111111111,0.1432859399684044,0.1176470588235294,0.075,0.0,0.3333333333333333,0.0,1.0,0.0,0.0,1.0,0.0,0.0,0.0,0.0,0.0,0.0,0.0,0.0,1.0,0.0,0.0,1.0
0,0.225,0.3333333333333333,0.5,0.4444444444444444,0.420695102685624,0.4117647058823529,0.225,0.0,0.6666666666666667,1.0,0.0,0.0,0.0,0.0,0.0,0.0,0.0,0.0,1.0,0.0,0.0,0.0,1.0,0.0,1.0,0.0
0,0.15,0.238095238095238,0.0,0.1666666666666666,0.1154291732490784,0.2352941176470588,0.125,0.0,0.3333333333333333,1.0,0.0,0.0,0.0,0.0,0.0,0.0,0.0,1.0,0.0,0.0,0.0,1.0,0.0,0.0,0.0,1.0
1,0.2,0.2142857142857142,0.0,0.3333333333333333,0.1982622432859399,0.1764705882352941,0.175,0.3333333333333333,0.3333333333333333,1.0,0.0,0.0,0.0,0.0,0.0,0.0,0.0,1.0,0.0,0.0,0.0,1.0,0.0,0.0,1.0,0.0
1,0.3,0.6666666666666665,0.5,0.4444444444444444,0.3985781990521327,0.4117647058823529,0.225,0.3333333333333333,0.6666666666666667,1.0,0.0,0.0,0.0,0.0,0.0,1.0,0.0,0.0,0.0,0.0,1.0,0.0,0.0,0.0,0.0,1.0
0,0.15,0.4285714285714285,0.0,0.1111111111111111,0.2019483938915219,0.1764705882352941,0.1,0.6666666666666666,0.6666666666666667,0.0,0.0,0.0,0.0,0.0,0.0,0.0,0.0,0.0,0.0,0.0,0.0,1.0,0.0,0.0,0.0,1.0
0,0.325,0.4047619047619047,0.25,0.5,0.188098999473407,0.4117647058823529,0.275,0.0,0.6666666666666667,0.0,1.0,0.0,0.0,0.0,0.0,0.0,0.0,0.0,1.0,0.0,0.0,0.0,1.0,0.0,1.0,0.0
0,0.25,0.5476190476190477,0.25,0.1111111111111111,0.2854660347551342,0.1176470588235294,0.075,0.3333333333333333,0.0,1.0,0.0,0.0,1.0,0.0,0.0,0.0,0.0,0.0,0.0,0.0,0.0,1.0,0.0,1.0,0.0,0.0
0,0.675,0.8333333333333333,0.75,0.1111111111111111,0.629594523433386,0.1176470588235294,0.075,1.0,0.3333333333333333,0.0,1.0,0.0,0.0,0.0,0.0,1.0,0.0,0.0,0.0,0.0,0.0,1.0,0.0,1.0,0.0,0.0
0,0.525,0.7619047619047619,1.0,0.2222222222222222,0.9961558715113218,0.2352941176470588,0.125,0.0,0.6666666666666667,1.0,0.0,0.0,0.0,0.0,1.0,0.0,0.0,0.0,0.0,0.0,0.0,0.0,1.0,0.0,0.0,1.0
1,0.125,0.7380952380952379,0.0,0.1111111111111111,0.0825171142706688,0.0,0.075,0.0,0.3333333333333333,1.0,0.0,0.0,0.0,0.0,0.0,0.0,0.0,0.0,0.0,0.0,0.0,0.0,0.0,0.0,0.0,1.0
0,0.5,0.5238095238095237,0.5,0.3888888888888888,0.6577145866245392,0.7647058823529411,0.45,0.0,0.6666666666666667,1.0,0.0,0.0,0.0,0.0,0.0,0.0,1.0,0.0,0.0,0.0,0.0,0.0,1.0,0.0,1.0,0.0
1,0.525,0.5476190476190477,1.0,0.8888888888888888,0.998630858346498,0.5882352941176471,0.525,0.6666666666666666,0.0,1.0,0.0,0.0,0.0,0.0,0.0,0.0,1.0,0.0,0.0,0.0,1.0,0.0,0.0,1.0,0.0,0.0
0,0.025,0.2619047619047619,0.0,0.0,0.0110057925223802,0.0,0.025,0.0,0.3333333333333333,0.0,0.0,0.0,0.0,0.0,0.0,0.0,0.0,1.0,0.0,0.0,0.0,0.0,1.0,0.0,0.0,1.0
0,0.325,0.3095238095238095,0.0,0.3888888888888888,0.0695102685624012,0.1176470588235294,0.175,0.0,0.3333333333333333,1.0,0.0,0.0,0.0,0.0,0.0,0.0,0.0,0.0,0.0,1.0,0.0,1.0,0.0,0.0,0.0,1.0
0,0.175,0.2857142857142856,0.25,0.1111111111111111,0.4711953659820959,0.1176470588235294,0.15,0.3333333333333333,0.6666666666666667,1.0,0.0,0.0,0.0,0.0,0.0,1.0,0.0,0.0,0.0,0.0,0.0,1.0,0.0,0.0,0.0,1.0
1,0.25,0.3333333333333333,0.5,0.3888888888888888,0.5344918378093734,0.4117647058823529,0.175,0.0,0.6666666666666667,1.0,0.0,0.0,0.0,0.0,0.0,0.0,1.0,0.0,0.0,0.0,0.0,0.0,1.0,0.0,0.0,1.0
0,0.025,0.0714285714285714,0.0,0.0,0.0877830437072143,0.0,0.025,0.0,0.6666666666666667,0.0,0.0,0.0,0.0,0.0,0.0,0.0,0.0,0.0,0.0,0.0,0.0,0.0,1.0,0.0,0.0,1.0
0,0.225,0.2857142857142856,0.25,0.3888888888888888,0.4580832016850974,0.4117647058823529,0.225,0.0,0.3333333333333333,0.0,0.0,0.0,0.0,0.0,0.0,0.0,0.0,0.0,1.0,0.0,0.0,0.0,0.0,0.0,0.0,1.0
0,0.425,0.7380952380952379,0.5,0.0555555555555555,0.5074249605055292,0.1764705882352941,0.125,0.0,0.0,1.0,0.0,0.0,0.0,0.0,0.0,0.0,0.0,0.0,0.0,0.0,0.0,0.0,0.0,0.0,0.0,0.0
0,0.225,0.4999999999999999,0.25,0.3888888888888888,0.1856240126382306,0.4117647058823529,0.2,0.0,0.6666666666666667,1.0,0.0,0.0,0.0,0.0,0.0,1.0,0.0,0.0,0.0,0.0,0.0,0.0,1.0,0.0,0.0,1.0
0,0.4,0.5714285714285714,0.75,0.0,0.7889942074776198,0.0,0.025,0.0,0.6666666666666667,1.0,0.0,0.0,0.0,0.0,0.0,0.0,1.0,0.0,0.0,0.0,0.0,0.0,1.0,0.0,0.0,1.0
0,0.3,0.5714285714285714,0.0,0.5,0.1402843601895734,0.4705882352941176,0.3,0.0,0.6666666666666667,1.0,0.0,0.0,0.0,1.0,0.0,0.0,0.0,0.0,0.0,0.0,0.0,0.0,1.0,0.0,1.0,0.0
0,0.25,0.6190476190476188,0.25,0.0,0.2119010005265929,0.1176470588235294,0.05,0.3333333333333333,1.0,1.0,0.0,1.0,0.0,0.0,0.0,0.0,0.0,0.0,0.0,0.0,0.0,1.0,0.0,0.0,0.0,1.0
0,0.1,0.2619047619047619,0.0,0.1111111111111111,0.1989468141126909,0.1176470588235294,0.05,1.0,0.6666666666666667,0.0,1.0,0.0,0.0,0.0,0.0,0.0,0.0,1.0,0.0,0.0,0.0,1.0,0.0,0.0,0.0,1.0
0,0.125,0.380952380952381,0.0,0.1111111111111111,0.0683517640863612,0.0,0.125,0.3333333333333333,0.0,0.0,1.0,0.0,0.0,0.0,0.0,0.0,0.0,1.0,0.0,0.0,0.0,1.0,0.0,1.0,0.0,0.0
0,0.25,0.3333333333333333,0.25,0.2222222222222222,0.2744075829383886,0.5294117647058824,0.25,0.6666666666666666,0.6666666666666667,1.0,0.0,0.0,0.0,0.0,0.0,0.0,0.0,1.0,0.0,0.0,0.0,1.0,0.0,0.0,0.0,1.0
0,0.175,0.1904761904761905,0.25,0.3888888888888888,0.1729857819905213,0.4117647058823529,0.175,0.0,0.3333333333333333,1.0,0.0,0.0,0.0,0.0,0.0,0.0,0.0,0.0,1.0,0.0,0.0,0.0,1.0,0.0,1.0,0.0
0,0.15,0.4285714285714285,0.0,0.2222222222222222,0.0701948393891521,0.1764705882352941,0.125,0.0,0.3333333333333333,1.0,0.0,0.0,1.0,0.0,0.0,0.0,0.0,0.0,0.0,0.0,0.0,1.0,0.0,0.0,0.0,1.0
0,0.275,0.4761904761904761,0.25,0.3888888888888888,0.3098472880463401,0.4117647058823529,0.175,0.3333333333333333,0.6666666666666667,1.0,0.0,0.0,0.0,0.0,0.0,0.0,0.0,0.0,1.0,0.0,1.0,0.0,0.0,0.0,0.0,1.0
1,0.5750000000000001,0.857142857142857,0.75,0.1666666666666666,0.8593470247498683,0.2352941176470588,0.125,0.0,1.0,0.0,1.0,0.0,0.0,0.0,1.0,0.0,0.0,0.0,0.0,0.0,0.0,0.0,1.0,1.0,0.0,0.0
0,0.225,0.4523809523809524,0.25,0.0,0.2804107424960505,0.0,0.025,0.6666666666666666,0.3333333333333333,1.0,0.0,0.0,0.0,0.0,0.0,0.0,0.0,0.0,1.0,0.0,1.0,0.0,0.0,0.0,0.0,1.0
0,0.1,0.0952380952380951,0.0,0.1111111111111111,0.0694576092680358,0.1176470588235294,0.1,0.3333333333333333,1.0,0.0,1.0,0.0,0.0,0.0,0.0,0.0,0.0,1.0,0.0,0.0,1.0,0.0,0.0,0.0,0.0,1.0